<?xml version="1.0" encoding="UTF-8"?>
<project-private xmlns="http://www.netbeans.org/ns/project-private/1">
    <editor-bookmarks xmlns="http://www.netbeans.org/ns/editor-bookmarks/2" lastBookmarkId="0"/>
    <open-files xmlns="http://www.netbeans.org/ns/projectui-open-files/2">
        <group>
            <file>file:/Users/GuillermoNaranjo/Desktop/Estructuras%20de%20datos/ProyectoCalculadora/src/mx/itam/com_111020_02/Proyecto/EvalD.java</file>
            <file>file:/Users/GuillermoNaranjo/Desktop/Estructuras%20de%20datos/ProyectoCalculadora/src/mx/itam/com_111020_02/Proyecto/Cuerpo.java</file>
        </group>
    </open-files>
</project-private>
